Workbook

Sheet Summary
C8: Input Company | E8: AMAZON.COM, INC.
C12: Ticker | E12: =_xlfn.XLOOKUP(E8,'Company Data'!D4:D10,'Company Data'!B4:B10) -> AMZN
C15: Headquarters location | E15: =_xlfn.XLOOKUP(E8,'Company Data'!$D$4:$D$10,'Company Data'!$E$4:$E$10,"Company not found") -> 410 Terry Avenue North, SEATTLE, WA, 98109 US
C17: Number of employees | E17: =_xlfn.XLOOKUP($E$8,'Company Data'!$D$4:$D$10,'Company Data'!$F$4:$F$10,"Company not found") -> 1575000
C19: Market capitalization | E19: =_xlfn.XLOOKUP($E$8,'Company Data'!$D$4:$D$10,'Company Data'!$G$4:$G$10,"Company not found") -> 2850741721100
C21: Beta | E21: =_xlfn.XLOOKUP($E$8,'Company Data'!$D$4:$D$10,'Company Data'!H4:H10,"Company not found") -> 1.461
C23: P/E ratio | E23: =_xlfn.XLOOKUP($E$8,'Company Data'!$D$4:$D$10,'Company Data'!I4:I10,"Company not found") -> 31.6706
C25: Company logo | E25: =_xlfn.XLOOKUP($E$8,'Company Data'!$D$4:$D$10,'Company Data'!J4:J10,"Company not found") -> #VALUE!
C31: Ticker | D31: Average ROT | E31: Standard DV | F31: 52 Week High | G31: 52 Week Low
C32: AAPL | D32: ='Stock History'!E14 -> 0.0055998821 | E32: ='Stock History'!F14 -> 75.996589 | F32: ='Stock History'!G14 -> 300.23 | G32: ='Stock History'!H14 -> 195.27
C33: HPQ | D33: ='Stock History'!M14 -> 0.0021767161 | E33: ='Stock History'!N14 -> 6.6530357 | F33: ='Stock History'!O14 -> 29.34 | G33: ='Stock History'!P14 -> 18.26
C34: META | D34: ='Stock History'!AK14 -> 0.0044517963 | E34: ='Stock History'!AL14 -> 182.50733 | F34: ='Stock History'!AM14 -> 785.23 | G34: ='Stock History'!AN14 -> 525.72
C35: AMZN | D35: ='Stock History'!AS14 -> 0.0047435845 | E35: ='Stock History'!AT14 -> 58.779316 | F35: ='Stock History'!AU14 -> 272.68 | G35: ='Stock History'!AV14 -> 198.79
C36: GOOG | D36: ='Stock History'!AC14 -> 0.0053701152 | E36: ='Stock History'!AD14 -> 70.658144 | F36: ='Stock History'!AE14 -> 397.05 | G36: ='Stock History'!AF14 -> 167.43
C37: NVDA | D37: ='Stock History'!U14 -> 0.012214627 | E37: ='Stock History'!V14 -> 58.437652 | F37: ='Stock History'!W14 -> 225.32 | G37: ='Stock History'!X14 -> 131.29
C38: MSFT | D38: ='Stock History'!BA14 -> 0.0046002535 | E38: ='Stock History'!BB14 -> 138.64965 | F38: ='Stock History'!BC14 -> 524.11 | G38: ='Stock History'!BD14 -> 356.77

Sheet Graph Summary
A1: HONESTY WARNING (do not edit, hide, or move this)
A2: BEFORE you do anything with this file, CLICK HERE and carefully read

Sheet Stock History
B2: #VALUE!
B3: #VALUE!
B4: #VALUE!
B5: #VALUE!
B6: #VALUE!
B7: #VALUE!
B8: #VALUE!
F11: 46153 | G11: =F11-52 -> 46101
B12: Apple | J12: HP | R12: Nvidia | Z12: Google | AH12: Meta | AP12: Amazon | AX12: Microsoft
B13: {=_xlfn.STOCKHISTORY(B2,"5/15/2016","5/15/2026",1,1,0,1)} -> Date | C13: Close | D13: Weekly ROT | E13: Average ROT | F13: Standard DV | G13: 52 Week High | H13: 52 Week Low | J13: {=_xlfn.STOCKHISTORY(B3,"5/15/2016","5/15/2026",1,1,0,1)} -> Date | K13: Close | L13: Weekly ROT | M13: Average ROT | N13: Standard DV | O13: 52 Week High | P13: 52 Week Low | R13: {=_xlfn.STOCKHISTORY(B4,"5/15/2016","5/15/2026",1,1,0,1)} -> Date | S13: Close | T13: Weekly ROT | U13: Average ROT | V13: Standard DV | W13: 52 Week High | X13: 52 Week Low | Z13: {=_xlfn.STOCKHISTORY(B5,"5/15/2016","5/15/2026",1,1,0,1)} -> Date | AA13: Close | AB13: Weekly ROT | AC13: Average ROT | AD13: Standard DV | AE13: 52 Week High | AF13: 52 Week Low | AH13: {=_xlfn.STOCKHISTORY(B6,"5/15/2016","5/15/2026",1,1,0,1)} -> Date | AI13: Close | AJ13: Weekly ROT | AK13: Average ROT | AL13: Standard DV | AM13: 52 Week High | AN13: 52 Week Low | AP13: {=_xlfn.STOCKHISTORY(B7,"5/15/2016","5/15/2026",1,1,0,1)} -> Date | AQ13: Close | AR13: Weekly ROT | AS13: Average ROT | AT13: Standard DV | AU13: 52 Week High | AV13: 52 Week Low | AX13: {=_xlfn.STOCKHISTORY(B8,"5/15/2016","5/15/2026",1,1,0,1)} -> Date | AY13: Close | AZ13: Weekly ROT | BA13: Average ROT | BB13: Standard DV | BC13: 52 Week High | BD13: 52 Week Low
B14: 42506 | C14: 23.805 | D14: =(C14-C13)/C13 -> #VALUE! | E14: =AVERAGE(D15:D535) -> 0.0055998821 | F14: =_xlfn.STDEV.S(C14:C535) -> 75.996589 | G14: =MAX(C483:C535) -> 300.23 | H14: =MIN(C483:C535) -> 195.27 | J14: 42506 | K14: 11.66 | L14: =(K14-K13)/K13 -> #VALUE! | M14: =AVERAGE(L15:L535) -> 0.0021767161 | N14: =_xlfn.STDEV.S(K14:K535) -> 6.6530357 | O14: =MAX(K483:K535) -> 29.34 | P14: =MIN(K483:K535) -> 18.26 | R14: 42506 | S14: 1.1083 | T14: =(S14-S13)/S13 -> #VALUE! | U14: =AVERAGE(T15:T535) -> 0.012214627 | V14: =_xlfn.STDEV.S(S14:S535) -> 58.437652 | W14: =MAX(S483:S535) -> 225.32 | X14: =MIN(S483:S535) -> 131.29 | Z14: 42506 | AA14: 35.487 | AB14: =(AA14-AA13)/AA13 -> #VALUE! | AC14: =AVERAGE(AB15:AB535) -> 0.0053701152 | AD14: =_xlfn.STDEV.S(AA14:AA535) -> 70.658144 | AE14: =MAX(AA483:AA535) -> 397.05 | AF14: =MIN(AA483:AA535) -> 167.43 | AH14: 42506 | AI14: 117.35 | AJ14: =(AI14-AI13)/AI13 -> #VALUE! | AK14: =AVERAGE(AJ15:AJ535) -> 0.0044517963 | AL14: =_xlfn.STDEV.S(AI14:AI535) -> 182.50733 | AM14: =MAX(AI483:AI535) -> 785.23 | AN14: =MIN(AI483:AI535) -> 525.72 | AP14: 42506 | AQ14: 35.14 | AR14: =(AQ14-AQ13)/AQ13 -> #VALUE! | AS14: =AVERAGE(AR15:AR535) -> 0.0047435845 | AT14: =_xlfn.STDEV.S(AQ14:AQ535) -> 58.779316 | AU14: =MAX(AQ483:AQ535) -> 272.68 | AV14: =MIN(AQ483:AQ535) -> 198.79 | AX14: 42506 | AY14: 50.62 | AZ14: =(AY14-AY13)/AY13 -> #VALUE! | BA14: =AVERAGE(AZ15:AZ535) -> 0.0046002535 | BB14: =_xlfn.STDEV.S(AY14:AY535) -> 138.64965 | BC14: =MAX(AY483:AY535) -> 524.11 | BD14: =MIN(AY483:AY535) -> 356.77
B15: 42513 | C15: 25.0875 | D15: =(C15-C14)/C14 -> 0.053875236 | J15: 42513 | K15: 13.17 | L15: =(K15-K14)/K14 -> 0.12950257 | R15: 42513 | S15: 1.1475 | T15: =(S15-S14)/S14 -> 0.035369485 | Z15: 42513 | AA15: 36.633 | AB15: =(AA15-AA14)/AA14 -> 0.032293516 | AH15: 42513 | AI15: 119.38 | AJ15: =(AI15-AI14)/AI14 -> 0.017298679 | AP15: 42513 | AQ15: 35.612 | AR15: =(AQ15-AQ14)/AQ14 -> 0.013431986 | AX15: 42513 | AY15: 52.32 | AZ15: =(AY15-AY14)/AY14 -> 0.033583564
B16: 42521 | C16: 24.48 | D16: =(C16-C15)/C15 -> -0.024215247 | J16: 42521 | K16: 13.44 | L16: =(K16-K15)/K15 -> 0.020501139 | R16: 42521 | S16: 1.162 | T16: =(S16-S15)/S15 -> 0.012636166 | Z16: 42521 | AA16: 36.117 | AB16: =(AA16-AA15)/AA15 -> -0.01408566 | AH16: 42521 | AI16: 118.47 | AJ16: =(AI16-AI15)/AI15 -> -0.0076227174 | AP16: 42521 | AQ16: 36.277 | AR16: =(AQ16-AQ15)/AQ15 -> 0.018673481 | AX16: 42521 | AY16: 51.79 | AZ16: =(AY16-AY15)/AY15 -> -0.010129969
B17: 42527 | C17: 24.7075 | D17: =(C17-C16)/C16 -> 0.0092933007 | J17: 42527 | K17: 13.5 | L17: =(K17-K16)/K16 -> 0.0044642857 | R17: 42527 | S17: 1.155 | T17: =(S17-S16)/S16 -> -0.0060240964 | Z17: 42527 | AA17: 35.9705 | AB17: =(AA17-AA16)/AA16 -> -0.0040562616 | AH17: 42527 | AI17: 116.62 | AJ17: =(AI17-AI16)/AI16 -> -0.015615768 | AP17: 42527 | AQ17: 35.8955 | AR17: =(AQ17-AQ16)/AQ16 -> -0.010516305 | AX17: 42527 | AY17: 51.48 | AZ17: =(AY17-AY16)/AY16 -> -0.0059857115
B18: 42534 | C18: 23.8325 | D18: =(C18-C17)/C17 -> -0.035414348 | J18: 42534 | K18: 13.12 | L18: =(K18-K17)/K17 -> -0.028148148 | R18: 42534 | S18: 1.168 | T18: =(S18-S17)/S17 -> 0.011255411 | Z18: 42534 | AA18: 34.586 | AB18: =(AA18-AA17)/AA17 -> -0.038489874 | AH18: 42534 | AI18: 113.02 | AJ18: =(AI18-AI17)/AI17 -> -0.030869491 | AP18: 42534 | AQ18: 35.3195 | AR18: =(AQ18-AQ17)/AQ17 -> -0.01604658 | AX18: 42534 | AY18: 50.13 | AZ18: =(AY18-AY17)/AY17 -> -0.026223776
B19: 42541 | C19: 23.35 | D19: =(C19-C18)/C18 -> -0.020245463 | J19: 42541 | K19: 12.26 | L19: =(K19-K18)/K18 -> -0.06554878 | R19: 42541 | S19: 1.1432 | T19: =(S19-S18)/S18 -> -0.021232877 | Z19: 42541 | AA19: 33.761 | AB19: =(AA19-AA18)/AA18 -> -0.023853582 | AH19: 42541 | AI19: 112.08 | AJ19: =(AI19-AI18)/AI18 -> -0.008317112 | AP19: 42541 | AQ19: 34.948 | AR19: =(AQ19-AQ18)/AQ18 -> -0.010518269 | AX19: 42541 | AY19: 49.83 | AZ19: =(AY19-AY18)/AY18 -> -0.0059844405
B20: 42548 | C20: 23.9725 | D20: =(C20-C19)/C19 -> 0.026659529 | J20: 42548 | K20: 12.73 | L20: =(K20-K19)/K19 -> 0.038336052 | R20: 42548 | S20: 1.1665 | T20: =(S20-S19)/S19 -> 0.020381386 | Z20: 42548 | AA20: 34.9605 | AB20: =(AA20-AA19)/AA19 -> 0.035529161 | AH20: 42548 | AI20: 114.19 | AJ20: =(AI20-AI19)/AI19 -> 0.018825839 | AP20: 42548 | AQ20: 36.284 | AR20: =(AQ20-AQ19)/AQ19 -> 0.038228225 | AX20: 42548 | AY20: 51.16 | AZ20: =(AY20-AY19)/AY19 -> 0.026690749
B21: 42556 | C21: 24.17 | D21: =(C21-C20)/C20 -> 0.0082386067 | J21: 42556 | K21: 13.08 | L21: =(K21-K20)/K20 -> 0.027494108 | R21: 42556 | S21: 1.2713 | T21: =(S21-S20)/S20 -> 0.089841406 | Z21: 42556 | AA21: 35.2815 | AB21: =(AA21-AA20)/AA20 -> 0.0091817909 | AH21: 42556 | AI21: 117.24 | AJ21: =(AI21-AI20)/AI20 -> 0.02670987 | AP21: 42556 | AQ21: 37.2905 | AR21: =(AQ21-AQ20)/AQ20 -> 0.0277395 | AX21: 42556 | AY21: 52.3 | AZ21: =(AY21-AY20)/AY20 -> 0.022283034
B22: 42562 | C22: 24.695 | D22: =(C22-C21)/C21 -> 0.021721142 | J22: 42562 | K22: 13.85 | L22: =(K22-K21)/K21 -> 0.058868502 | R22: 42562 | S22: 1.3175 | T22: =(S22-S21)/S21 -> 0.036340754 | Z22: 42562 | AA22: 35.9925 | AB22: =(AA22-AA21)/AA21 -> 0.020152204 | AH22: 42562 | AI22: 116.86 | AJ22: =(AI22-AI21)/AI21 -> -0.0032412146 | AP22: 42562 | AQ22: 36.772 | AR22: =(AQ22-AQ21)/AQ21 -> -0.013904346 | AX22: 42562 | AY22: 53.7 | AZ22: =(AY22-AY21)/AY21 -> 0.026768642
B23: 42569 | C23: 24.665 | D23: =(C23-C22)/C22 -> -0.0012148208 | J23: 42569 | K23: 14.11 | L23: =(K23-K22)/K22 -> 0.018772563 | R23: 42569 | S23: 1.3668 | T23: =(S23-S22)/S22 -> 0.037419355 | Z23: 42569 | AA23: 37.137 | AB23: =(AA23-AA22)/AA22 -> 0.031798291 | AH23: 42569 | AI23: 121 | AJ23: =(AI23-AI22)/AI22 -> 0.035427007 | AP23: 42569 | AQ23: 37.243 | AR23: =(AQ23-AQ22)/AQ22 -> 0.012808659 | AX23: 42569 | AY23: 56.57 | AZ23: =(AY23-AY22)/AY22 -> 0.053445065
B24: 42576 | C24: 26.0525 | D24: =(C24-C23)/C23 -> 0.056253801 | J24: 42576 | K24: 14.01 | L24: =(K24-K23)/K23 -> -0.0070871722 | R24: 42576 | S24: 1.4275 | T24: =(S24-S23)/S23 -> 0.044410301 | Z24: 42576 | AA24: 38.4395 | AB24: =(AA24-AA23)/AA23 -> 0.035072838 | AH24: 42576 | AI24: 123.94 | AJ24: =(AI24-AI23)/AI23 -> 0.024297521 | AP24: 42576 | AQ24: 37.9405 | AR24: =(AQ24-AQ23)/AQ23 -> 0.018728352 | AX24: 42576 | AY24: 56.68 | AZ24: =(AY24-AY23)/AY23 -> 0.0019444935
B25: 42583 | C25: 26.87 | D25: =(C25-C24)/C24 -> 0.031378946 | J25: 42583 | K25: 14.28 | L25: =(K25-K24)/K24 -> 0.019271949 | R25: 42583 | S25: 1.455 | T25: =(S25-S24)/S24 -> 0.019264448 | Z25: 42583 | AA25: 39.111 | AB25: =(AA25-AA24)/AA24 -> 0.01746901 | AH25: 42583 | AI25: 125.15 | AJ25: =(AI25-AI24)/AI24 -> 0.0097627884 | AP25: 42583 | AQ25: 38.299 | AR25: =(AQ25-AQ24)/AQ24 -> 0.0094490057 | AX25: 42583 | AY25: 57.96 | AZ25: =(AY25-AY24)/AY24 -> 0.022582922
B26: 42590 | C26: 27.045 | D26: =(C26-C25)/C25 -> 0.0065128396 | J26: 42590 | K26: 14.28 | L26: =(K26-K25)/K25 -> 0 | R26: 42590 | S26: 1.576 | T26: =(S26-S25)/S25 -> 0.083161512 | Z26: 42590 | AA26: 39.161 | AB26: =(AA26-AA25)/AA25 -> 0.0012784127 | AH26: 42590 | AI26: 124.88 | AJ26: =(AI26-AI25)/AI25 -> -0.0021574111 | AP26: 42590 | AQ26: 38.628 | AR26: =(AQ26-AQ25)/AQ25 -> 0.0085903026 | AX26: 42590 | AY26: 57.94 | AZ26: =(AY26-AY25)/AY25 -> -0.00034506556
... B535: 46153 | C535: 300.23 | D535: =(C535-C534)/C534 -> 0.023557889 | J535: 46153 | K535: 20.81 | L535: =(K535-K534)/K534 -> -0.082451499 | R535: 46153 | S535: 225.32 | T535: =(S535-S534)/S534 -> 0.047026022 | Z535: 46153 | AA535: 393.32 | AB535: =(AA535-AA534)/AA534 -> -0.0093942828 | AH535: 46153 | AI535: 614.23 | AJ535: =(AI535-AI534)/AI534 -> 0.0075455604 | AP535: 46153 | AQ535: 264.14 | AR535: =(AQ535-AQ534)/AQ534 -> -0.031318762 | AX535: 46153 | AY535: 421.92 | AZ535: =(AY535-AY534)/AY534 -> 0.016380806

Sheet Company Data
D3: 1. Company Name | E3: 1. Headquarters location | F3: 2. Number of employees | G3: 3. Market capitalization | H3: 4. Beta | I3: 5. P/E ratio | J3: 6. Company logo
B4: AAPL | C4: #VALUE! | D4: {=_FV(C4,"Official name",TRUE)} -> APPLE INC. | E4: {=_FV(C4,"Headquarters")} -> One Apple Park Way, CUPERTINO, CA, 95014 US | F4: {=_FV(C4,"Employees")} -> 166000 | G4: {=_FV(C4,"Market cap",TRUE)} -> 4439254560000 | H4: {=_FV(C4,"Beta")} -> 1.0683 | I4: {=_FV(C4,"P/E",TRUE)} -> 36.7084 | J4: #VALUE!
B5: HPQ | C5: #VALUE! | D5: {=_FV(C5,"Official name",TRUE)} -> HP INC. | E5: {=_FV(C5,"Headquarters")} -> 1501 Page Mill Road, PALO ALTO, CA, 94304 US | F5: {=_FV(C5,"Employees")} -> 55000 | G5: {=_FV(C5,"Market cap",TRUE)} -> 19269572714 | H5: {=_FV(C5,"Beta")} -> 1.102 | I5: {=_FV(C5,"P/E",TRUE)} -> 7.9548 | J5: #VALUE!
B6: META | C6: #VALUE! | D6: {=_FV(C6,"Official name",TRUE)} -> META PLATFORMS, INC. | E6: {=_FV(C6,"Headquarters")} -> 1 Meta Way, MENLO PARK, CA, 94025 US | F6: {=_FV(C6,"Employees")} -> 77986 | G6: {=_FV(C6,"Market cap",TRUE)} -> 1535898220379 | H6: {=_FV(C6,"Beta")} -> 1.239 | I6: {=_FV(C6,"P/E",TRUE)} -> 18.3524 | J6: #VALUE!
B7: AMZN | C7: #VALUE! | D7: {=_FV(C7,"Official name",TRUE)} -> AMAZON.COM, INC. | E7: {=_FV(C7,"Headquarters")} -> 410 Terry Avenue North, SEATTLE, WA, 98109 US | F7: {=_FV(C7,"Employees")} -> 1575000 | G7: {=_FV(C7,"Market cap",TRUE)} -> 2850741721100 | H7: {=_FV(C7,"Beta")} -> 1.461 | I7: {=_FV(C7,"P/E",TRUE)} -> 31.6706 | J7: #VALUE!
B8: GOOG | C8: #VALUE! | D8: {=_FV(C8,"Official name",TRUE)} -> ALPHABET INC. | E8: {=_FV(C8,"Headquarters")} -> 1600 Amphitheatre Parkway, MOUNTAIN VIEW, CA, 94043 US | F8: {=_FV(C8,"Employees")} -> 194668 | G8: {=_FV(C8,"Market cap",TRUE)} -> 4663448400000 | H8: {=_FV(C8,"Beta")} -> 1.2636 | I8: {=_FV(C8,"P/E",TRUE)} -> 29.3954 | J8: #VALUE!
B9: NVDA | C9: #VALUE! | D9: {=_FV(C9,"Official name",TRUE)} -> NVIDIA CORPORATION | E9: {=_FV(C9,"Headquarters")} -> 2788 San Tomas Expressway, SANTA CLARA, CA, 95051 US | F9: {=_FV(C9,"Employees")} -> 42000 | G9: {=_FV(C9,"Market cap",TRUE)} -> 5412561839100 | H9: {=_FV(C9,"Beta")} -> 2.2472 | I9: {=_FV(C9,"P/E",TRUE)} -> 45.5894 | J9: #VALUE!
B10: MSFT | C10: #VALUE! | D10: {=_FV(C10,"Official name",TRUE)} -> MICROSOFT CORPORATION | E10: {=_FV(C10,"Headquarters")} -> One Microsoft Way, REDMOND, WA, 98052 US | F10: {=_FV(C10,"Employees")} -> 228000 | G10: {=_FV(C10,"Market cap",TRUE)} -> 3127816841100 | H10: {=_FV(C10,"Beta")} -> 1.0927 | I10: {=_FV(C10,"P/E",TRUE)} -> 25.0786 | J10: #VALUE!

Sheet VBA
A1: Spring 2026
A2: Harrell-01
